<?xml version="1.0"?>
<!--
/**
 * Copyright © Magento, Inc. All rights reserved.
 * See COPYING.txt for license details.
 */
-->
<config xmlns:xsi="http://www.w3.org/2001/XMLSchema-instance" xsi:noNamespaceSchemaLocation="urn:magento:framework:Acl/etc/acl.xsd">
    <acl>
        <resources>
            <resource id="Magento_Backend::admin">
                <resource id="Magento_Customer::customer" title="Customers" translate="title" sortOrder="40">
                    <resource id="ManishJoy_ChildCustomer::child_customer" title="Child Customers" translate="title" sortOrder="50" />
                </resource>
            </resource>
        </resources>
    </acl>
</config>
